assignee_raw,assignee_alias
ABB SP ZO O,ABB SP ZOO
ABB SP ZOO,ABB SP ZOO
ABIDOPHARMA PL SP Z O O,ABIDOPHARMA PL SP Z O O
AC SPOLKA AKCYJNA,AIC SPOLKA AKCYJNA
ADAM MICKIEWICZ UNIV,ADAM MICKIEWICZ UNIV
ADAMED SP ZO O,ADAMED SP ZOO
ADAMED SP ZOO,ADAMED SP ZOO
ADB POLSKA SP,ADB POLSKA SP
ADVANCED DIGITAL BROADCAST LTD,ADVANCED DIGITAL BROADCAST LTD
ADVANCED GRAPHENE PRODUCTS SP Z O O,ADVANCED GRAPHENE PRODUCTS SP Z O O
AIC S A,AIC S A
AIC SPO KA AKCYJNA,AIC SPOLKA AKCYJNA
AIC SPOLKA AKCYJNA,AIC SPOLKA AKCYJNA
AIC SPOŁKA AKCYJNA,AIC SPOLKA AKCYJNA
AIC SPÓ KA AKCYJNA,AIC SPOLKA AKCYJNA
AIC SPÓLKA AKCYJNA,AIC SPOLKA AKCYJNA
AIC SPÓŁKA AKCYJNA,AIC SPOLKA AKCYJNA
AIC SPŐŁKA AKCYJNA,AIC SPOLKA AKCYJNA
AIRWAY MEDIX S A,AIRWAY MEDIX S A
AIRWAY MEDIX SP LKA Z O O,AIRWAY MEDIX SPOLKA Z O O
AIRWAY MEDIX SPOLKA Z O O,AIRWAY MEDIX SPOLKA Z O O
AIRWAY MEDIX SPÓLKA Z O O,AIRWAY MEDIX SPOLKA Z O O
AIUT SP Z O O,AIUT SP Z O O
AJH047 SP Z O O,AJH047 SP Z O O
AKAD GORNICZO HUTNICZA,AKAD GORNICZO HUTNICZA
AKAD MEDYCZNA,AKAD MEDYCZNA
AKAD ROLNICZA,AKAD ROLNICZA
AKAD ROLNICZO TECH,AKAD ROLNICZO TECH
AKADEMA GORNICZO HUTNICZA IM STANISLAWA STASZICA,AKADEMIA GORNICZO-HUTNICZA IM STANISLAWA STASZICA
AKADEMA GÓRNICZO-HUTNICZA IM STANISLAWA STASZICA W KRAKOWIE,AKADEMIA GORNICZO-HUTNICZA IM STANISLAWA STASZICA W KRAKOWIE
AKADEMIA GORNICZ0 HUTNICZA IM STANISLAWA STASZICA,AKADEMIA GORNICZO-HUTNICZA IM STANISLAWA STASZICA
AKADEMIA GORNICZO HUTNICZA IM STANISLAWA STASZICA,AKADEMIA GORNICZO-HUTNICZA IM STANISLAWA STASZICA
AKADEMIA GORNICZO HUTNICZA IM STANISLAWA STASZICA W KRAKOWIE,AKADEMIA GORNICZO-HUTNICZA IM STANISLAWA STASZICA W KRAKOWIE
AKADEMIA GORNICZO-HUTNICZA IM STANISLAWA STASZICA,AKADEMIA GORNICZO-HUTNICZA IM STANISLAWA STASZICA
AKADEMIA GORNICZO-HUTNICZA IM STANISLAWA STASZICA W KRAKOWIE,AKADEMIA GORNICZO-HUTNICZA IM STANISLAWA STASZICA W KRAKOWIE
AKADEMIA GORNICZO-HUTNICZA IM STANISLAWA STAZICA W KRAKOWIE,AKADEMIA GORNICZO-HUTNICZA IM STANISLAWA STASZICA W KRAKOWIE
AKADEMIA GÓRNICZO HUTNICZA IM STANISLAWA STASZICA,AKADEMIA GORNICZO-HUTNICZA IM STANISLAWA STASZICA
AKADEMIA GÓRNICZO HUTNICZA IM STANISLAWA STASZICA W KRAKOWIE,AKADEMIA GORNICZO-HUTNICZA IM STANISLAWA STASZICA W KRAKOWIE
AKADEMIA GÓRNICZO-HUTNICZA IM STANISLAWA STASZICA W KRAKOWIE,AKADEMIA GORNICZO-HUTNICZA IM STANISLAWA STASZICA W KRAKOWIE
AKADEMIA MEDYCZNA IM K MARCINK,AKADEMIA MEDYCZNA IM K MARCINK
AKADEMIA MEDYCZNA IM PIASTOW S,AKADEMIA MEDYCZNA IM PIASTOW S
AKADEMIA MEDYCZNA IM PIASTOW SLASKICH WE WROCLAW IU,AKADEMIA MEDYCZNA IM PIASTOW SLASKICH WE WROCLAWIU
AKADEMIA MEDYCZNA IM PIASTOW SLASKICH WE WROCLAWIU,AKADEMIA MEDYCZNA IM PIASTOW SLASKICH WE WROCLAWIU
ALUPROF SPOLKA AKCYJNA,ALUPROF SPOLKA AKCYJNA
AMATEO SP Z O O,AMATEO SP Z O O
AMMONO S A,AMMONO S A
AMMONO SP ZOO,AMMONO SP ZOO
ANDERVISION SP Z 0 0,ANDERVISION SP Z O O
ANDERVISION SP Z O O,ANDERVISION SP Z O O
ANEW INST SP Z O O,ANEW INST SP Z O O
ANGA USZCZELNIENIA MECHANICZNE,ANGA USZCZELNIENIA MECHANICZNE
APATOR SA,APATOR SA
APEIRON SYNTHESIS SA,APEIRON SYNTHESIS SA
APEIRON SYTHESIS S A,APEIRON SYNTHESIS SA
APIS SPOLKA Z OGRANICZONA ODPOWIEDZIALNOSCIA,OPUS SPOLKA Z OGRANICZONA ODPOWIEDZIALNOSCIA
ARMATURY HAWLE SP Z O O FAB,ARMATURY HAWLE SP Z O O FAB
ATM S A,ATM S A
ATON HT S A,ATON HT S A
AXEN BIO GROUP SP Z O O,AXEN BIO GROUP SP Z O O
AXTONE SPOLKA AKCYJNA,AXTONE SPOLKA AKCYJNA
AXTONE SPÓLKA AKCYJNA,AXTONE SPOLKA AKCYJNA
AXTONE SPÓŁKA AKCYJNA,AXTONE SPOLKA AKCYJNA
AZO DIGITAL SP Z O O,AZO DIGITAL SP Z O O
BALTIC CERAMICS S A,BALTIC CERAMICS S A
BALTON SP Z O O,BALTON SP Z O O
BARLINEK SA,BARLINEK SA
BICARBO SP Z O O,BICARBO SP Z O O
BINARTECH SP Z O O,BINARTECH SP Z O O
BIO TECHNOLOGY SP Z O O,ENBIO TECHNOLOGY SP Z O O
BIOINFOBANK SP Z O O,BIOINFOBANK SP Z O O
BIOLEK SP Z O O,BIOTEK SP Z O O
BIOTEK SP Z O O,BIOTEK SP Z O O
BITRON POLAND SP Z O O,BITRON POLAND SP Z O O
BITRON POLAND SP ZO O,BITRON POLAND SP Z O O
BIURO P PRZEMYSLU METAL,BIURO P PRZEMYSLU METAL
BLIRT S A,BLIRT S A
BLUEVENT AIR SYSTEMS SP Z O O,BLUEVENT AIR SYSTEMS SP Z O O
BOMAR S A W UPADLOSCI UKLADOWEJ,BOMAR S A W UPADLOSCI UKLADOWEJ
BONE VITAE S A,BONE VITAE S A
BRASTER SA,BRASTER SA
BURY SP ZOO,BURY SP ZOO
CARDIONOVUM S P Z O O,CARDIONOVUM SP Z O O
CARDIONOVUM SP Z O O,CARDIONOVUM SP Z O O
CELON PHARMA S A,CELON PHARMA S A
CELON PHARMA SP Z O O,CELON PHARMA SP Z O O
CELTHER POLSKA SP Z O O,CELTHER POLSKA SP Z O O
CELTHER POLSKA SP ZO O,CELTHER POLSKA SP Z O O
CLARITER POLAND SP Z O O,CLARITER POLAND SP ZO O
CLARITER POLAND SP ZO O,CLARITER POLAND SP ZO O
CNT SPOLKA Z O O,CNT SPOLKA Z O O
CONSULT SEPPO,CONSULT SEPPO
COPERNICUS SP Z O O,COPERNICUS SP Z O O
COPERNICUS SP ZO O,COPERNICUS SP Z O O
CT BADAN KOSM POLSKIEJ AKADEMII NAUK,CT BADAN KOSM POLSKIEJ AKADEMII NAUK
CT BADAN MOLEKULAR I MAKRO,CT BADAN MOLEKULAR I MAKRO
CT BADAN WYSOKOCISNIENIOWYCH,CT BADAN WYSOKOCISNIENIOWYCH
CT BADAN WYSOKOCISNIENIOWYCH P,CT BADAN WYSOKOCISNIENIOWYCH
CT BADAN WYSOKOCISNIENIOWYCH W,CT BADAN WYSOKOCISNIENIOWYCH
CT BADAWCZO ROZWOJOWE EPAR SP Z O O,CT BADAWCZO ROZWOJOWE EPAR SP Z O O
CT KT MASZYN GORNICZYCH KOMAG,CT KT MASZYN GORNICZYCH KOMAG
CT TECH OKRETOWEJ,CT TECH OKRETOWEJ
CURIOSITY DIAGNOSTICS SP Z O O,CURIOSITY DIAGNOSTICS SP Z O O
CURIOSITY DIAGNOSTICS SP ZO O,CURIOSITY DIAGNOSTICS SP Z O O
DAGAS SP Z O O,DAGAS SP Z O O
DECORA S A,DECORA S A
DECORA SPOLKA AKCYJNA,DECORA SPOLKA AKCYJNA
DECORA SPÓLKA AKCYJNA,DECORA SPOLKA AKCYJNA
DECORA SPÓŁKA AKCYJNA,DECORA SPOLKA AKCYJNA
DECYLION SP Z O O,DECYLION SP Z O O
DRUKARNIA ELLERT SP Z O O,DRUKARNIA ELLERT SP Z O O
DRUTEX S A,DRUTEX S A
E K A D INNOTECH SP Z O O,E K A D INNOTECH SP Z O O
EATON TRUCK COMPONENTS SP Z O,EATON TRUCK COMPONENTS SP Z O O
EATON TRUCK COMPONENTS SP Z O O,EATON TRUCK COMPONENTS SP Z O O
EDBAK SP Z O O,EDBAK SP Z O O
EFNEO SP Z O O,EFNEO SP Z O O
ELEKTROMONTAZ RZESZOW S A,ELEKTROMONTAZ RZESZOW S A
ELPIGAZ SP Z O O,ELPIGAZ SP Z O O
ENBIO TECHNOLOGY SP Z O O,ENBIO TECHNOLOGY SP Z O O
EPAR SP Z O O,EPAR SP Z O O
ERGO PLUS POLSKA,ERGO PLUS POLSKA
ESTIMOTE POLSKA SP Z O O,ESTIMOTE POLSKA SP Z O O
EUROPOLES SP Z O O,EUROPOLES SP Z O O
EVIO POLSKA SP Z O O,EVIO POLSKA SP Z O O
FABRIKA UZHONDZEN MEK KAMAKS S,FABRIKA UZHONDZEN MEK KAMAKS S
FAKPRO PP SPOLKA Z OGRANICZONA ODPOWIEDZIALNOSCIA,FAKRO PP SPOLKA Z OGRANICZONA ODPOWIEDZIALNOSCIA
FAKRO PP SP LKA Z OGRANICZONA ODPOWIEDZIALNOSCIA,FAKRO PP SPOLKA Z OGRANICZONA ODPOWIEDZIALNOSCIA
FAKRO PP SP Z O O,FAKRO PP SP Z O O
FAKRO PP SPOLKA Z OGRANICZONA ODPOWIEDZIALNOSCIA,FAKRO PP SPOLKA Z OGRANICZONA ODPOWIEDZIALNOSCIA
FAMUR INST SP Z O O,FAMUR INST SP Z O O
FAMUR INST SP ZO O,FAMUR INST SP Z O O
FAMUR SPOLKA AKCYJNA,FAMUR SPOLKA AKCYJNA
FAMUR SPÓLKA AKCYJNA,FAMUR SPOLKA AKCYJNA
FAMUR SPÓŁKA AKCYJNA,FAMUR SPOLKA AKCYJNA
FIBAR GROUP S A,FIBAR GROUP S A
FIBAR GROUP SP Z O O,FIBAR GROUP SP Z O O
FIBER GROUP S A,FIBAR GROUP S A
FORMASTER S A,FORMASTER S A
FUMUR INST SP Z O O,FAMUR INST SP Z O O
FUND ROZWOJU KARDIOCHIRURGII IM PROF ZBIGNIEWA RELIGI,FUND ROZWOJU KARDIOCHIRURGII IM PROF ZBIGNIEWA RELIGI
FUNDACIA ROZWOJU KARDIOCHIRURGII IM PROF ZBIGNIEWA RELIGI,FUNDACJA ROZWOJU KARDIOCHIRURGII IM PROF ZBIGNIEWA RELIGI
FUNDACJA ROZWOJU DIAGNOSTYKI I,FUNDACJA ROZWOJU DIAGNOSTYKI I
FUNDACJA ROZWOJU KARDIOCHIRURGII IM PROF ZBIGNIEWA RELIGI,FUNDACJA ROZWOJU KARDIOCHIRURGII IM PROF ZBIGNIEWA RELIGI
FUNDACJA ROZWOJU KARDIOCHIRURGLL IM PROF ZBIGNIEWA RELIGI,FUNDACJA ROZWOJU KARDIOCHIRURGII IM PROF ZBIGNIEWA RELIGI
FUNDACJA UNIV IM ADAMA MICKIEWICZA W POZNANIU,FUNDACJA UNIV IM ADAMA MICKIEWICZA W POZNANIU
FUNDACJA UNIV U IM ADAMA MICKIEWICZA W POZNANIU,FUNDACJA UNIV IM ADAMA MICKIEWICZA W POZNANIU
Fakro pp spolka zoo,Fakro pp spolka zoo
GDA SKI UNIV MEDYCZNY,GDANSKI UNIV MEDYCZNY
GDANSKI UNIV MEDYCZNY,GDANSKI UNIV MEDYCZNY
GDAŃSKI UNIV MEDYCZNY,GDANSKI UNIV MEDYCZNY
GENICORE SPOLKA Z OGRANICZONA ODPOWIEDZIALNOSCIA,GENICORE SPOLKA Z OGRANICZONA ODPOWIEDZIALNOSCIA
GESTIND POLAND SP Z O O,GESTIND POLAND SP Z O O
GESTIND POLAND SP ZO O,GESTIND POLAND SP Z O O
GESTING POLAND SP Z O O,GESTIND POLAND SP Z O O
GLAXOSMITHKLINE PHARMACEUTICAL,GLAXOSMITHKLINE PHARMACEUTICAL
GLOWNY INSTYTUT GORNICTWA,GLOWNY INSTYTUT GORNICTWA
GO2NET POLAND SP Z O O,GO2NET POLAND SP Z O O
HCH SPO KA Z O O,HCH SPOLKA Z O O
HCH SPOLKA Z O O,HCH SPOLKA Z O O
HCH SPOLKA ZO O,HCH SPOLKA Z O O
HCH SPÓ KA Z O O,HCH SPOLKA Z O O
HCH SPÓLKA Z O O,HCH SPOLKA Z O O
HENRYK BURY MIELEC SP Z O O,HENRYK BURY MIELEC SP Z O O
HENRYK BURY MIELEC SP ZO O,HENRYK BURY MIELEC SP Z O O
HEUTTINGER ELECTRONIC SP Z O O,HUETTINGER ELECTRONIC SP Z O O
HIPROMINE S A,HIPROMINE S A
HIRSZFELD LUDWICK PAN INST,HIRSZFELD LUDWICK PAN INST
HS WROCLAW SP Z O O,HS WROCLAW SP Z O O
HTL STREFA SP Z O O,HTL STREFA SP Z O O
HTL STREFA SP ZOO,HTL STREFA SP Z O O
HTL STREFA SPOLKA AKCY JNA,HTL STREFA SPOLKA AKCYJNA
HTL STREFA SPOLKA AKCYJNA,HTL STREFA SPOLKA AKCYJNA
HTL STREFA SPOLKA Z O O,HTL STREFA SPOLKA Z O O
HTL STREFA SPOLKA ZO O,HTL STREFA SPOLKA Z O O
HTL STREFA SPÓLKA AKCYJNA,HTL STREFA SPOLKA AKCYJNA
HTL-STREFA SPOLKA AKCYJNA,HTL STREFA SPOLKA AKCYJNA
HTL-STREFA SPOLKA-AKCYJNA,HTL STREFA SPOLKA AKCYJNA
HUETTINGER ELCTRONIC SP Z O O,HUETTINGER ELECTRONIC SP Z O O
HUETTINGER ELECTRONIC SP Z O O,HUETTINGER ELECTRONIC SP Z O O
HUMAN PLUS S C,HUMAN PLUS S C
HUTA BAILDON,HUTA BAILDON
HYBRES SP ZOO,HYBRES SP ZOO
ICB Pharma,ICB Pharma
ICS IND COMB SYSTEMS,ICS IND COMB SYSTEMS
IIF SPOLKA AKCYJNA,AIC SPOLKA AKCYJNA
IMPACT CLEAN POWER TECHNOLOGY S A,IMPACT CLEAN POWER TECHNOLOGY S A
INDUSTRY TECHNOLOGIES S A,INDUSTRY TECHNOLOGIES S A
INHOTECH SP O O,INPHOTECH SP O O
INPHOTEC SP O O,INPHOTECH SP O O
INPHOTECH SP O O,INPHOTECH SP O O
INPHOTECH SP Z O O,INPHOTECH SP O O
INST ANTYBIOTYKOW,INST ANTYBIOTYKOW
INST BADAN JADROWYCH,INST BADAN JADROWYCH
INST BADAWCZY DROG I MOSTOW,INST BADAWCZY DRÓG I MOSTÓW
INST BADAWCZY DRÓG I MOSTÓW,INST BADAWCZY DRÓG I MOSTÓW
INST BIO CHEMII I BIOFIZKI PAN,INST BIOCHEMII I BIOFIZYKI PAN
INST BIOCHEMII BIOFIZYKI PAN,INST BIOCHEMII I BIOFIZYKI PAN
INST BIOCHEMII I BIOFIZYKI,INST BIOCHEMII I BIOFIZYKI
INST BIOCHEMII I BIOFIZYKI PAN,INST BIOCHEMII I BIOFIZYKI PAN
INST BIOCHEMII I BIOFIZYKI POL,INST BIOCHEMII I BIOFIZYKI PAN
INST BIOCHEMII I BIOFIZYKI POLSKIEJ AKADEMI NAUK,INST BIOCHEMII I BIOFIZYKI POLSKIEJ AKADEMII NAUK
INST BIOCHEMII I BIOFIZYKI POLSKIEJ AKADEMII NAUK,INST BIOCHEMII I BIOFIZYKI POLSKIEJ AKADEMII NAUK
INST BIOLOG DOSWIADCZAINEJ IM MARCELEGO NENCKIEGO POLSKA AKADEMIA NAUK,INST BIOLOG DOSWIADCZALNEJ IM MARCELEGO NENCKIEGO POLSKA AKADEMIA NAUK
INST BIOLOG DOSWIADCZALNEJ IM M NENCKIEGO PAN,INST BIOLOG DOSWIADCZALNEJ IM M NENCKIEGO PAN
INST BIOLOG DOSWIADCZALNEJ IM MARCELEGO NENCKIEGO POLSKA AKADEMIA NAUK,INST BIOLOG DOSWIADCZALNEJ IM MARCELEGO NENCKIEGO POLSKA AKADEMIA NAUK
INST BIOLOGII DOSWIADCZALNEJ IM MARCELEGO NENCKIEGO POLSKA AKADEMIA NAUK,INST BIOLOG DOSWIADCZALNEJ IM MARCELEGO NENCKIEGO POLSKA AKADEMIA NAUK
INST BIOPOLIMEROW I WLOKIEN CH,INST BIOPOLIMEROW I WLOKIEN CH
INST BIOTECHNOLOGII I ANTYBIOT,INST BIOTECHNOLOGII I ANTYBIOT
INST BIOTECHNOLOGII I ANTYBIOTYKOW,INST BIOTECHNOLOGII I ANTYBIOTYKOW
INST BIOTECHNOLOGII I ANTYBIOTYKÓW,INST BIOTECHNOLOGII I ANTYBIOTYKOW
INST BIOTECHNOLOGII PRAEMYSLU ROLNO SPOZYWCZEGO,INST BIOTECHNOLOGII PRZEMYSLU ROLNO SPOZYWCZEGO
INST BIOTECHNOLOGII PRZEMYSLU ROLNO SPOZYWCZEGO,INST BIOTECHNOLOGII PRZEMYSLU ROLNO SPOZYWCZEGO
INST BIOTECHNOLOGII PRZEMYSLU ROLNO SPOZYWZEGO,INST BIOTECHNOLOGII PRZEMYSLU ROLNO SPOZYWCZEGO
INST BIOTECHNOLOGII PRZEMYSLU ROLNO-SPOZYWCZEGO,INST BIOTECHNOLOGII PRZEMYSLU ROLNO SPOZYWCZEGO
INST BIOTECHNOLOGII PRZEMYSLU ROLNOSPOZYWCZEGO,INST BIOTECHNOLOGII PRZEMYSLU ROLNO SPOZYWCZEGO
INST BIOTECHNOLOGII PRZEMYSTU ROLNO SPOZYWCZEGO,INST BIOTECHNOLOGII PRZEMYSLU ROLNO SPOZYWCZEGO
INST BIOTECHNOLOGII PRZEMYSŁU ROLNO SPOŻYWCZEGO,INST BIOTECHNOLOGII PRZEMYSLU ROLNO SPOZYWCZEGO
INST BIOTECHNOLOII I ANTYBIOTYKOW,INST BIOTECHNOLOGII I ANTYBIOTYKOW
INST CHEM PRZEROBKI WEGLA,INST CHEM PRZEROBKI WEGLA
INST CHEMI BIOORG PAN,INST CHEMII BIOORG PAN
INST CHEMI BIOORG POLSKIEJ AKADEMII NAUK,INST CHEMII BIOORG POLSKIEJ AKADEMII NAUK
INST CHEMI FIZYCZNEJ POLSKIEL AKADEMII NAUK,INST CHEMII FIZYCZNEJ POLSKIEJ AKADEMII NAUK
INST CHEMI ORGANICZNEJ PAN,INST CHEMII ORGANICZNEJ PAN
INST CHEMI ORGANICZNEJ POLSKIEJ AKADEMII NAUK,INST CHEMII ORGANICZNEJ POLSKIEJ AKADEMII NAUK
INST CHEMI PRZEMYSLOWEJ IM PROF IGNACEGO MOSCICKIEGO,INST CHEMII PRZEMYSLOWEJ IM PROF IGNACEGO MOSCICKIEGO
INST CHEMII BIOORG PAN,INST CHEMII BIOORG PAN
INST CHEMII BIOORG POLSKIEJ AKADEMII NAUK,INST CHEMII BIOORG POLSKIEJ AKADEMII NAUK
INST CHEMII BIOORGANICZNEJ PAN,INST CHEMII BIOORGANICZNEJ PAN
INST CHEMII FIZYCZNEJ POLSKIEJ AKADEMII NAUK,INST CHEMII FIZYCZNEJ POLSKIEJ AKADEMII NAUK
INST CHEMII FIZYCZNEJ POLSKIEJAKADEMII NAUK,INST CHEMII FIZYCZNEJ POLSKIEJ AKADEMII NAUK
INST CHEMII NIEORGANICZNEJ,INST CHEMII NIEORGANICZNEJ
INST CHEMII ORGANICZNEJ PAN,INST CHEMII ORGANICZNEJ PAN
INST CHEMII ORGANICZNEJ POLSKA,INST CHEMII ORGANICZNEJ POLSKA
INST CHEMII ORGANICZNEJ POLSKA AKADEMIA NAUK,INST CHEMII ORGANICZNEJ POLSKA AKADEMIA NAUK
INST CHEMII ORGANICZNEJ POLSKIEJ AKADEMII NAUK,INST CHEMII ORGANICZNEJ POLSKIEJ AKADEMII NAUK
INST CHEMII PRZEMYSCOWEJ,INST CHEMII PRZEMYSLOWEJ
INST CHEMII PRZEMYSKOWEJ,INST CHEMII PRZEMYSLOWEJ
INST CHEMII PRZEMYSLOWE IM PRO,INST CHEMII PRZEMYSLOWEJ IM PR
INST CHEMII PRZEMYSLOWEI,INST CHEMII PRZEMYSLOWEJ
INST CHEMII PRZEMYSLOWEJ,INST CHEMII PRZEMYSLOWEJ
INST CHEMII PRZEMYSLOWEJ IM PR,INST CHEMII PRZEMYSLOWEJ IM PR
INST CHEMII PRZEMYSLOWEJ IM PROF IGNACEGO MOSCICKEIGO,INST CHEMII PRZEMYSLOWEJ IM PROF IGNACEGO MOSCICKIEGO
INST CHEMII PRZEMYSLOWEJ IM PROF IGNACEGO MOSCICKIEGO,INST CHEMII PRZEMYSLOWEJ IM PROF IGNACEGO MOSCICKIEGO
INST CHEMII PRZEMYSŁOWEJ,INST CHEMII PRZEMYSLOWEJ
INST CHEMII PRZEMYSŁOWEJ IM PROF IGNACEGO MOŚCICKIEGO,INST CHEMII PRZEMYSLOWEJ IM PROF IGNACEGO MOSCICKIEGO
INST CHEMIII BIOORG PAN,INST CHEMII BIOORG PAN
INST CHEMMII FIZYCZNEJ POLSKIEJ AKADEMII NAUK,INST CHEMII FIZYCZNEJ POLSKIEJ AKADEMII NAUK
INST CIEZKIEJ SYNTEZY ORGA,INST CIEZKIEJ SYNTEZY ORGA
INST ELEKTROTECHNIKI,INST ELEKTROTECHNIKI
INST FARMACEUTIYCZNY,INST FARMACEUTYCZNY
INST FARMACEUTYCZ Y,INST FARMACEUTYCZNY
INST FARMACEUTYCZNY,INST FARMACEUTYCZNY
INST FARMAKOLOGII POLSKIEJ AKADEMII NAUK,INST FARMAKOLOGII POLSKIEJ AKADEMII NAUK
INST FIZIKI JADROWEJ,INST FIZIKI JADROWEJ
INST FIZYKI PAN,INST FIZYKI PAN
INST HODOWLI I AKLIMATYZACJI R,INST HODOWLI I AKLIMATYZACJI R
INST IMMUNOLII I TERAPII DOSWIADCZALNEJ POLSKIEJ AKADEMII NAUK,INST IMMUNOLOGII I TERAPII DOSWIADCZALNEJ POLSKIEJ AKADEMII NAUK
INST IMMUNOLOGII I TERAPII DO WIADCZALNEJ POLSKIEJ AKADEMII NAUK,INST IMMUNOLOGII I TERAPII DOSWIADCZALNEJ POLSKIEJ AKADEMII NAUK
INST IMMUNOLOGII I TERAPII DOS,INST IMMUNOLOGII I TERAPII DOS
INST IMMUNOLOGII I TERAPII DOSWIADCZALNEJ PAN,INST IMMUNOLOGII I TERAPII DOSWIADCZALNEJ PAN
INST IMMUNOLOGII I TERAPII DOSWIADCZALNEJ POLSKIEJ AKADEMII NAUK,INST IMMUNOLOGII I TERAPII DOSWIADCZALNEJ POLSKIEJ AKADEMII NAUK
INST IMMUNOLOGII I TERAPII DOSWIADCZALNEJ POLSSKIEJ AKADEMII NAUK,INST IMMUNOLOGII I TERAPII DOSWIADCZALNEJ POLSKIEJ AKADEMII NAUK
INST IMMUNOLOGII I TERAPII DOSWIADZALNEJ PAN,INST IMMUNOLOGII I TERAPII DOSWIADCZALNEJ PAN
INST IMMUNOLOGII I TERAPII DOŚWIADCZALNEJ PAN,INST IMMUNOLOGII I TERAPII DOSWIADCZALNEJ PAN
INST IMMUNOLOGII I TERAPII DOŚWIADCZALNEJ POLSKIEJ AKADEMII NAUK,INST IMMUNOLOGII I TERAPII DOSWIADCZALNEJ POLSKIEJ AKADEMII NAUK
INST INZYNIERII CHEMICZNEJ POLSKIEJ AKADEMII NAUK,INST INZYNIERII CHEMICZNEJ POLSKIEJ AKADEMII NAUK
INST INZYNIERII MATERIALOW POLIMEROWYCH I BARWNIKOW,INST INZYNIERII MATERIALOW POLIMEROWYCH I BARWNIKOW
INST INŻYNIERII CHEMICZNEJ POLSKIEJ AKADEMII NAUK,INST INZYNIERII CHEMICZNEJ POLSKIEJ AKADEMII NAUK
INST KARDIOLOGII,INST KARDIOLOGII
INST LOTNICTWA,INST LOTNICTWA
INST LOTNICTWA W WARSZAWIE,INST LOTNICTWA W WARSZAWIE
INST MECH PRECYZ,INST MECH PRECYZ
INST MEDYCYNY DO WIADCZALNEJ I KLINICZNEJ IM MIROSLAWA MOSSAKOWSKIEGO POLSKIEJ AKADEMII NAUK,INST MEDYCYNY DOSWIADCZALNEJ I KLINICZNEJ IM MIROSLAWA MOSSAKOWSKIEGO POLSKIEJ AKADEMII NAUK
INST MEDYCYNY DOSWIACZALNEJ I,INST MEDYCYNY DOSWIADCZALNEJ I
INST MEDYCYNY DOSWIADCZALNEJ I,INST MEDYCYNY DOSWIADCZALNEJ I
INST MEDYCYNY DOSWIADCZALNEJ I KLINICZNE,INST MEDYCYNY DOSWIADCZALNEJ I KLINICZNEJ
INST MEDYCYNY DOSWIADCZALNEJ I KLINICZNEJ,INST MEDYCYNY DOSWIADCZALNEJ I KLINICZNEJ
INST MEDYCYNY DOSWIADCZALNEJ I KLINICZNEJ IM MIROSLAWA MOSSAKOWSKIEGO POLSKIEJ AKADEMII NAUK,INST MEDYCYNY DOSWIADCZALNEJ I KLINICZNEJ IM MIROSLAWA MOSSAKOWSKIEGO POLSKIEJ AKADEMII NAUK
INST METALI NIEZELAZNYCH,INST METALI NIEZELAZNYCH
INST METALLURGII ZELEZA IMENI,INST METALLURGII ZELEZA IMENI
INST NAWOZOW SZTUCZNYCH,INST NAWOZOW SZTUCZNYCH
INST NAWOZOW SZTYCZNYCH,INST NAWOZOW SZTUCZNYCH
INST NAWOZÓW SZTUCZNYCH,INST NAWOZOW SZTUCZNYCH
INST OBROBKI PLASTYCZNEJ,INST OBROBKI PLASTYCZNEJ
INST OBROBKI PLASTYCZNES,INST OBROBKI PLASTYCZNEJ
INST OBRÓBKI PLASTYCZNEJ,INST OBROBKI PLASTYCZNEJ
INST ODLEWNICTWA,INST ODLEWNICTWA
INST OF BIOCHEMISTRY AND BIOPH,INST OF BIOCHEMISTRY AND BIOPH
INST OF BIOORG CHEMISTRY,INST OF BIOORG CHEMISTRY
INST OF BIOTECHNOLOGY ANTIBIOT,INST OF BIOTECHNOLOGY ANTIBIOT
INST OF NUCLEAR CHEMISTRY AND,INST OF NUCLEAR CHEMISTRY AND
INST OPTYKI STOSOWANEJ,INST OPTYKI STOSOWANEJ
INST PARAZYTOLOGII PAN,INST PARAZYTOLOGII PAN
INST PODSTAWOWYCH PROBLEMOW TE,INST PODSTAWOWYCH PROBLEMOW TE
INST PRZEMISU MIESNEGO,INST PRZEMYSLU MIESNEGO
INST PRZEMYSLU FARMACEUTIC,INST PRZEMYSLU FARMACEUTIC
INST PRZEMYSLU MIESNEGO,INST PRZEMYSLU MIESNEGO
INST PRZEMYSLU ORGANICZEGO,INST PRZEMYSLU ORGANICZEGO
INST PRZEMYSLU ORGANICZNEBO,INST PRZEMYSLU ORGANICZEGO
INST PRZEMYSLU ORGANICZNETO,INST PRZEMYSLU ORGANICZEGO
INST PRZEMYSŁU ORGANICZNEGO,INST PRZEMYSLU ORGANICZEGO
INST PSYCHONEUROLOGICZNYTE,INST PSYCHONEUROLOGICZNYTE
INST SPAWALNICTWA,INST SPAWALNICTWA
INST TECH DREWNA,INST TECH DREWNA
INST TECH EKSPLOATACJI,INST TECH EKSPLOATACJI
INST TECH MATERIAL ELEKT,INST TECH MATERIAL ELEKT
INST TECH MATERIALÓW ELEKTRONICZNYCH,INST TECH MATERIALÓW ELEKTRONICZNYCH
INST TECH MATERIAŁÓW ELEKTRONICZNYCH,INST TECH MATERIALÓW ELEKTRONICZNYCH
INST TECH WOJSK LOTNICZYCH,INST TECH WOJSK LOTNICZYCH
INST TECHNIK INNOWACY JNYCH EMAG,INST TECHNIK INNOWACYJNYCH EMAG
INST TECHNIK INNOWACYJNYCH EMAG,INST TECHNIK INNOWACYJNYCH EMAG
INST TECHNOLOGII MATERIALÓW ELEKTRONICZNYCH,INST TECHNOLOGII MATERIALÓW ELEKTRONICZNYCH
INST TECHNOLOGII NAFTY,INST TECHNOLOGII NAFTY
INST TELE I RADIOTECH,INST TELE I RADIOTECH
INST TRANSPORTU SAMOCHODOWEGO,INST TRANSPORTU SAMOCHODOWEGO
INST WIOKIENNICTWA,INST WLOKIENNICTWA
INST WLOKIEN CHEM,INST WLOKIEN CHEM
INST WLOKIEN NATUALNYCH I ROSLIN ZIELARSKICH,INST WLOKIEN NATURALNYCH I ROSLIN ZIELARSKICH
INST WLOKIEN NATURALNYCH,INST WLOKIEN NATURALNYCH
INST WLOKIEN NATURALNYCH I OF,INST WLOKIEN NATURALNYCH I OF
INST WLOKIEN NATURALNYCH I ROS,INST WLOKIEN NATURALNYCH I OF
INST WLOKIEN NATURALNYCH I ROSLIN ZIELARSKICH,INST WLOKIEN NATURALNYCH I ROSLIN ZIELARSKICH
INST WLOKIENNICTW,INST WLOKIENNICTWA
INST WLOKIENNICTWA,INST WLOKIENNICTWA
INST WLÓKIENNICTWA,INST WLOKIENNICTWA
INST WYSOKICH CISNIEN POLSKIEJ,INST WYSOKICH CISNIEN POLSKIEJ
INST WYSOKICH CISNIEN POLSKIEJ AKADEMII NAUK,INST WYSOKICH CISNIEN POLSKIEJ AKADEMII NAUK
INST WYSOKICH CIŚNIEŃ POLSKIEJ AKADEMII NAUK,INST WYSOKICH CISNIEN POLSKIEJ AKADEMII NAUK
INST WŁÓKIENNICTWA,INST WLOKIENNICTWA
INT TOBACCO MACHINERY POLAND,INT TOBACCO MACHINERY POLAND
INT TOBACCO MACHINERY POLAND L,INT TOBACCO MACHINERY POLAND
INT TOBACCO MACHINERY POLAND SP ZO O,INT TOBACCO MACHINERY POLAND SP ZOO
INT TOBACCO MACHINERY POLAND SP ZOO,INT TOBACCO MACHINERY POLAND SP ZOO
INTEGER PL S A,INTEGER PL S A
INTERMAG SP Z O O,INTERMAG SP Z O O
INTERNAT TOBACCO MACHINERY,INTERNAT TOBACCO MACHINERY
INTERNEHSHNL TOBAKKO MASHINERI POLAND SP Z O O,INTERNEHSHNL TOBAKKO MASHINERI POLAND SP Z O O
INTERNEHSHNL TOBAKKO MASHINERI POLAND SP ZO O,INTERNEHSHNL TOBAKKO MASHINERI POLAND SP Z O O
INTERNESHNL TOBAKKO MASH POLAND SP 3 O O,INTERNESHNL TOBAKKO MASH POLAND SP Z O O
INTERNESHNL TOBAKKO MASH POLAND SP Z O O,INTERNESHNL TOBAKKO MASH POLAND SP Z O O
INTERNESHNL TOBAKKO MASHINERI POLAND SP Z O O,INTERNEHSHNL TOBAKKO MASHINERI POLAND SP Z O O
INVENTO SP Z O O,INVENTO SP Z O O
INVENTO SPOLKA Z O O,INVENTO SPOLKA Z O O
INVENTO SPOLKA ZO O,INVENTO SPOLKA Z O O
INVENTOO SP Z O O,INVENTO SP Z O O
IVONA SOFTWARE SP Z O O,IVONA SOFTWARE SP Z O O
JAXA NETWORKS,JAXA NETWORKS
JELENIA PLAST SP Z O O,JELENIA PLAST SP Z O O
JELENIA PLAST SP ZO O,JELENIA PLAST SP Z O O
JITMED SP Z O O,JITMED SP Z O O
JURMET SP Z O O,JURMET SP Z O O
KGHM POLSKA MIEDZ S A,KGHM POLSKA MIEDZ S A
KLIMAPOL SP Z O O J V,KLIMAPOL SP Z O O J V
KOELNER RAWLPLUG IP SP Z O O,KOELNER RAWLPLUG IP SP Z O O
KOPERNIKUS SP Z O O,COPERNICUS SP Z O O
KORONA CANDLES S A,KORONA CANDLES S A
KORONA S A,KORONA S A
KORONA SA,KORONA S A
KOSATKA-PIORO ALEKSANDRA,KOSATKA-PIORO ALEKSANDRA
KOSMETYKOV POLLENA EVA S A FAB,KOSMETYKOW POLLENA EWA S A FAB
KOSMETYKOW POLLENA EWA S A FAB,KOSMETYKOW POLLENA EWA S A FAB
KRAKOWSKIE ZAKLADY PHARMA,KRAKOWSKIE ZAKLADY PHARMA
KTG SP Z O O,KTG SP Z O O
KUTNOWSKIE ZAKL FARMA,KUTNOWSKIE ZAKL FARMA
LAKMA STREFA SP Z O O,LAKMA STREFA SP Z O O
LAUDE SMART INTERMODAL SPOLKA AKCYJNA,LAUDE SMART INTERMODAL SPÓŁKA AKCYJNA
LAUDE SMART INTERMODAL SPÓŁKA AKCYJNA,LAUDE SMART INTERMODAL SPÓŁKA AKCYJNA
LED LABS SP Z O O,SEED LABS SP Z O O
LEDSON SP ZOO SP K,LEDSON SP ZOO SP K
LEDs ON,LEDs ON
LFC SP Z O O,LFC SP Z O O
LFC SPOLKA ZO O,LFC SPÓLKA Z O O
LFC SPOLKA ZOO,LFC SPOLKA ZOO
LFC SPÓLKA Z O O,LFC SPÓLKA Z O O
LFS SPOLKA Z O O,LFC SPÓLKA Z O O
LINTER SPOLKA Z OGRANICZONA ODPOWIEDZIALNOSCIA,LINTER SPOLKA Z OGRANICZONA ODPOWIEDZIALNOSCIA
LIW CARE TECHNOLOGY SP Z O O,LIW CARE TECHNOLOGY SP Z O O
LSA SP Z O O,LSA SP Z O O
LUBELSKA POLT,LUBELSKA POLT
LUMAG SP Z O O,LUMAG SP Z O O
MARKETING I KONSALTING PER ANDERS BRATTEMO,MARKETING I KONSULTING PER ANDERS BRATTEMO
MARKETING I KONSULTING PER ANDERS BRATTEMO,MARKETING I KONSULTING PER ANDERS BRATTEMO
MEDICALGORITHMICS LTD,MEDICALGORITHMICS LTD
MEDICALGORITHMICS S A,MEDICALGORITHMICS S A
MEDICALGORITHMICS SP Z O O,MEDICALGORITHMICS SP Z O O
MEDICALGORITHMICS SP ZO O,MEDICALGORITHMICS SP Z O O
MEDIDATA SP Z O O,MEDIDATA SP Z O O
MERA ZSM ZAKLADY SYSTEMOW MINI,MERA ZSM ZAKLADY SYSTEMOW MINI
MIEDZYNARODOWY INST BIOLOG MOLEKULAMEJ I KOMORKOWEJ,MIEDZYNARODOWY INST BIOLOG MOLEKULARNEJ I KOMORKOWEJ
MIEDZYNARODOWY INST BIOLOG MOLEKULARNEJ I KOMORKOWEJ,MIEDZYNARODOWY INST BIOLOG MOLEKULARNEJ I KOMORKOWEJ
MIEDZYNARODOWY INST BIOLOGII MOLEKULARNEJ I KOMORKOWEJ,MIEDZYNARODOWY INST BIOLOG MOLEKULARNEJ I KOMORKOWEJ
MIGASZEWSKI FRANCISZEK,MIGASZEWSKI FRANCISZEK
MIĘDZYNARODOWY INST BIOLOG MOLEKULARNEJ I KOMÓRKOWEJ,MIEDZYNARODOWY INST BIOLOG MOLEKULARNEJ I KOMORKOWEJ
NANO TECH SP Z O O,NANO TECH SP Z O O
NANO-TECH SP Z O O,NANO TECH SP Z O O
NANOVELOS SP Z O O,NANOVELOS SP Z O O
NAPIFERYN BIOTECH SP Z O O,NAPIFERYN BIOTECH SP Z O O
NARODOWY INST LEKOW,NARODOWY INST LEKOW
NARODOWY INST LEKÓW,NARODOWY INST LEKOW
NEITEC SP Z O O,NEWTECH SP Z O O
NEWTECH SP Z O O,NEWTECH SP Z O O
NFM PRODUCTION SP Z O O,NFM PRODUCTION SP Z O O
NOMANET SP Z O O,NOMANET SP Z O O
NUTRIFARM SP Z O O,NUTRIFARM SP Z O O
OFTA SP Z O O,OFTA SP Z O O
OKNOPLAST SPOLKA Z OGRANICZONA ODPOWIEDZIALNOSCIA,OKNOPLAST SPOLKA Z OGRANICZONA ODPOWIEDZIALNOSCIA
ONCOARENDI THERAPEUTICS S A,ONCOARENDI THERAPEUTICS S A
ONCOARENDI THERAPEUTICS SA,ONCOARENDI THERAPEUTICS S A
ONCOARENDI THERAPEUTICS SP Z O O,ONCOARENDI THERAPEUTICS SP Z O O
ONCOARENDI THERAPEUTICS SP ZOO,ONCOARENDI THERAPEUTICS SP Z O O
OPTARGET SP Z 0 0,OPTARGET SP Z O O
OPTARGET SP Z O O,OPTARGET SP Z O O
OPTOPOL TECHNOLOGY S A,OPTOPOL TECHNOLOGY S A
OPTOPOL TECHNOLOGY SPOLKA AKCY,OPTOPOL TECHNOLOGY SPOLKA AKCY
OPTOPOL TECNOLOGY S A,OPTOPOL TECHNOLOGY S A
OPUS SP Z O O,OPUS SP Z O O
OPUS SPOLKA Z OGRANICZONA ODPOWIEDZIALNOSCIA,OPUS SPOLKA Z OGRANICZONA ODPOWIEDZIALNOSCIA
OPUS SPÓLKA Z OGRANICZONA ODPOWIEDZIALNOSCIA,OPUS SPOLKA Z OGRANICZONA ODPOWIEDZIALNOSCIA
ORANGE POLSKA S A,ORANGE POLSKA S A
ORTOPEDYCZNA MEDORT S A FA,ORTOPEDYCZNA MEDORT S A FA
OS BAD ROZWOJOWY,OS BAD ROZWOJOWY
OS BAD ROZWOJOWY POJAZDOW SZYN,OS BAD ROZWOJOWY POJAZDOW SZYN
OS BAD ROZWOJOWY SAMOCH,OS BAD ROZWOJOWY SAMOCH
P Z HTL SPOLKA AKCYJNA,PZ HTL SPOLKA AKCYJNA
PABIANICKIE ZAKLAD FARMA,PABIANICKIE ZAKLAD FARMA
PANSTWOWY INST WETERYNARYJNY P,PANSTWOWY INST WETERYNARYJNY P
PATENTS FACTORY LTD SP Z O O,PATENTS FACTORY LTD SP Z O O
PCC ROKITA SA,PCC ROKITA SA
PELLASX SPOLKA Z O O SPOLKA KOMANDYTOWA,PELLASX SPÓLKA Z O O SPÓLKA KOMANDYTOWA
PELLASX SPÓLKA Z O O SPÓLKA KOMANDYTOWA,PELLASX SPÓLKA Z O O SPÓLKA KOMANDYTOWA
PELLASX SPÓŁKA Z O O SPÓŁKA KOMANDYTOWA,PELLASX SPÓLKA Z O O SPÓLKA KOMANDYTOWA
PEPTADERM SP Z O O,PEPTADERM SP Z O O
PHARMENA SP Z O O,PHARMENA SP Z O O
PHARMENA SP ZO O,PHARMENA SP Z O O
PHU DYTRYCH SP Z O O,PHU DYTRYCH SP Z O O
PILAB S A,PILAB S A
PLANIKA SP Z O O,PLANIKA SP Z O O
PLASMA SYSTEM S A,PLASMA SYSTEM S A
POLDEM SP ZO O,POLDEM SP ZO O
POLISH ACADEMY OF SCIENCE,POLISH ACADEMY OF SCIENCES
POLISH ACADEMY OF SCIENCES,POLISH ACADEMY OF SCIENCES
POLITECHNIKA CODZKA,POLITECHNIKA LODZKA
POLITECHNIKA GDANKSA,POLITECHNIKA GDANSKA
POLITECHNIKA GDANSKA,POLITECHNIKA GDANSKA
POLITECHNIKA IODZKA,POLITECHNIKA LODZKA
POLITECHNIKA KRAKOWSKA,POLITECHNIKA KRAKOWSKA
POLITECHNIKA KRAKOWSKA IM TADEUSZA KOCIUSZKI,POLITECHNIKA KRAKOWSKA IM TADEUSZA KOSCIUSZKI
POLITECHNIKA KRAKOWSKA IM TADEUSZA KOSCIUSZKI,POLITECHNIKA KRAKOWSKA IM TADEUSZA KOSCIUSZKI
POLITECHNIKA KRAKOWSKA IM TADEUSZA KOŚCIUSZKI,POLITECHNIKA KRAKOWSKA IM TADEUSZA KOSCIUSZKI
POLITECHNIKA LODZKA,POLITECHNIKA LODZKA
POLITECHNIKA LOKZKA,POLITECHNIKA LODZKA
POLITECHNIKA LÓDZKA,POLITECHNIKA LODZKA
POLITECHNIKA OPOLSKA,POLITECHNIKA OPOLSKA
POLITECHNIKA POZANSKA,POLITECHNIKA POZNANSKA
POLITECHNIKA POZNANSKA,POLITECHNIKA POZNANSKA
POLITECHNIKA RZESZOWSKA,POLITECHNIKA RZESZOWSKA
POLITECHNIKA SLASKA IM WINCEN,POLITECHNIKA SLASKA IM WINCENT
POLITECHNIKA SLASKA IM WINCENT,POLITECHNIKA SLASKA IM WINCENT
POLITECHNIKA SWIETOKRZYSKA,POLITECHNIKA SWIETOKRZYSKA
POLITECHNIKA SZCZECINSKA,POLITECHNIKA SZCZECINSKA
POLITECHNIKA WARSZAWSKA,POLITECHNIKA WARSZAWSKA
POLITECHNIKA WI TOKRZYSKA,POLITECHNIKA SWIETOKRZYSKA
POLITECHNIKA WROCLAWSKA,POLITECHNIKA WROCLAWSKA
POLITECHNIKAWARSZAWSKI,POLITECHNIKA WARSZAWSKA
POLMAG,POLMAG
POLSKA AKAD NAUK CENTRUM,POLSKA AKAD NAUK CENTRUM
POLSKA AKADEMIA NAUK INSTYTUT,POLSKA AKADEMIA NAUK INSTYTUT
POLSKA AKADEMIA NAUK ZAKLAD,POLSKA AKADEMIA NAUK ZAKLAD
POLSKA WYTWORNIA PAPIEROW WARTOSCIOWYCH S A,POLSKA WYTWORNIA PAPIEROW WARTOSCIOWYCH S A
POMERANIAN ACADEMY OF MEDICINE,POMERANIAN ACADEMY OF MEDICINE
POMORSKA AKADEMIA MEDYCZNA,POMORSKA AKADEMIA MEDYCZNA
POMORSKI UNIV MEDYCZNY W SZCZECINIE,POMORSKI UNIV MEDYCZNY W SZCZECINIE
POZNAN UNIVERSITY OF TECHNOLOG,POZNAN UNIVERSITY OF TECHNOLOGY
POZNAN UNIVERSITY OF TECHNOLOGY,POZNAN UNIVERSITY OF TECHNOLOGY
PROCHIMIA SURFACES SP Z O O,PROCHIMIA SURFACES SP Z O O
PROSYNCHEM,PROSYNCHEM
PROTEON PHARMACEUTICALS S A,PROTEON PHARMACEUTICALS S A
PRZED PANSTWOWE OGOINOKRAJOWE,PRZED PANSTWOWE OGOLNOKRAJOWE
PRZED PANSTWOWE OGOLNOKRAJOWE,PRZED PANSTWOWE OGOLNOKRAJOWE
PRZED PROD CONSULTINGOWE ADOB SP Z O O SP K,PRZED PROD CONSULTINGOWE ADOB SP Z O O SP K
PRZED PROD USLUGOWO HANDLOWE M,PRZED PROD USLUGOWO HANDLOWE M
PRZED PROD USTUGOWO HANDLOWE P,PRZED PROD USLUGOWO HANDLOWE M
PRZED PRODUKCJI,PRZED PRODUKCJI
PRZED PROJEKTOWANIA,PRZED PROJEKTOWANIA
PRZED PROJEKTOWANIA I DOSTAW K,PRZED PROJEKTOWANIA I DOSTAW K
PRZED WIELOBRANZOWE VET AGRO SP Z O O,PRZED WIELOBRANZOWE VET AGRO SP Z O O
PRZED WIELOBRANZOWE VET-AGRO SP Z O O,PRZED WIELOBRANZOWE VET AGRO SP Z O O
PRZED ZAGRANICZNE HTL,PRZED ZAGRANICZNE HTL
PRZED ZAGRANIEZNE HTL,PRZED ZAGRANICZNE HTL
PRZEMYSLOWY INST ELEKTRONIKI,PRZEMYSLOWY INST ELEKTRONIKI
PRZEMYSLOWY INST ELEKTRONIKI I,PRZEMYSLOWY INST ELEKTRONIKI
PRZEMYSLOWY INST MASZ ROLNICZY,PRZEMYSLOWY INST MASZ ROLNICZYCH
PRZEMYSLOWY INST MASZ ROLNICZYCH,PRZEMYSLOWY INST MASZ ROLNICZYCH
PRZEMYSLOWY INST MOTORYZACJI,PRZEMYSLOWY INST MOTORYZACJI
PRZEMYSLOWY INSTYTUT AUTOMATYK,PRZEMYSLOWY INSTYTUT AUTOMATYK
PZ CORMAY S A,PZ CORMAY S A
PZ HTL SPO KA AKCYJNA,PZ HTL SPOLKA AKCYJNA
PZ HTL SPOLKA AKCJNA,PZ HTL SPOLKA AKCYJNA
PZ HTL SPOLKA AKCYJNA,PZ HTL SPOLKA AKCYJNA
PZ HTL SPÓLKA AKCYJNA,PZ HTL SPOLKA AKCYJNA
Politechnika Wrocławska,Politechnika Wrocławska
R & D PROJECT SP Z O O,R & D PROJECT SP Z O O
RADMOR,RADMOR
RADZIWILL COMPRESSORS SP Z O O,RADZIWILL COMPRESSORS SP Z O O
REWA SPOLKA Z O O,REWA SPOLKA Z O O
SANGO TECH SP Z O O,NANO TECH SP Z O O
SCHATTDECOR SP Z O O,SCHATTDECOR SP Z O O
SECO WARWICK S A,SECO WARWICK S A
SECO WARWICK SP Z O O,SECO WARWICK SP Z O O
SECO WARWICK SP ZO O,SECO WARWICK SP Z O O
SECO/WARWICK S A,SECO WARWICK S A
SECURA B C SP Z O O,SECURA B C SP Z O O
SEED LABS SP Z O O,SEED LABS SP Z O O
SELENA LABS SP Z O O,SELENA LABS SP Z O O
SELVITA S A,SELVITA S A
SELVITA SA,SELVITA S A
SILCAR SP Z O O,SILVAIR SP Z O O
SILVAIR SP Z O O,SILVAIR SP Z O O
SKOFF SPOLKA Z O O,SKOFF SPOLKA Z O O
SKOTAN S A,SKOTAN S A
SKOTAN SPOLKA AKCYJNA,SKOTAN SPOLKA AKCYJNA
SORPLA SP Z O O,SORPLA SP Z O O
STALPRODUKT S A,STALPRODUKT S A
STAROGARDZKIE ZAKL FARMA,STAROGARDZKIE ZAKL FARMA
STEM CELLS SPIN S A,STEM CELLS SPIN S A
STOCZNIA SZCZECINSKA,STOCZNIA SZCZECINSKA
STOWARZYSZENIE SW CELESTYNA,STOWARZYSZENIE SW CELESTYNA
SWEDWOOD POLAND SP Z O O,SWEDWOOD POLAND SP Z O O
SYNTHOS S A,SYNTHOS S A
SZAGRU SP Z O O,SZAGRU SP Z O O
SZKOLA GLOWNA GOSPOD WIEJSK AK,SZKOLA GLOWNA GOSPOD WIEJSK AK
TARCHOMINSKIE ZAKLAD FARMA,TARCHOMINSKIE ZAKLAD FARMA
TDS POLSKA SP Z O O,TRW POLSKA SP Z O O
TECHNICAL UNIVERSITY OF GDANSK,TECHNICAL UNIVERSITY OF GDANSK
TECHNOLOGIE EKOLOGICZNE,TECHNOLOGIE EKOLOGICZNE
TELE ATLAS POLSKA SP Z O O,TELE ATLAS POLSKA SP Z O O
TELEKOMUNIKACJA POLSKA S A,TELEKOMUNIKACJA POLSKA S A
TELESTO SP Z O O,TELESTO SP Z O O
TERMO ORGANIKA SP Z O O,TERMO ORGANIKA SP Z O O
TOM TOM POLSKA SP Z O O,TOMTOM POLSKA SP Z O O
TOMTOM POLSKA SP Z O O,TOMTOM POLSKA SP Z O O
TRUMPF HUETTINGER SP Z O O,TRUMPF HUETTINGER SP Z O O
TRUMPF HUETTINGER SP ZO O,TRUMPF HUETTINGER SP Z O O
TRW POLSKA SP Z O O,TRW POLSKA SP Z O O
TRW POLSKA SP ZO O,TRW POLSKA SP Z O O
TRW STEERING SYSTEMS POLAND S P Z O O,TRW STEERING SYSTEMS POLAND SP Z O O
TRW STEERING SYSTEMS POLAND SP Z O O,TRW STEERING SYSTEMS POLAND SP Z O O
TS LAB,TS LAB
TS OSRODEK BADAWCZO ROZWO,TS OSRODEK BADAWCZO ROZWO
UDS SPOLKA Z OGRANICZONA ODPOWIEDZIALNOSCIA,VTS SPOLKA Z OGRANICZONA ODPOWIEDZIALNOSCIA
UNIV ADAM MICKIEWICZ,UNIV ADAM MICKIEWICZ
UNIV ADAMA MICKIEWICZA,UNIV ADAM MICKIEWICZ
UNIV EKONOMICZNY WE WROCLAWIU,UNIV EKONOMICZNY WE WROCLAWIU
UNIV GDANSKI,UNIV GDANSKI
UNIV GDAŃSKI,UNIV GDANSKI
UNIV JAGELLONE,UNIV JAGELLONE
UNIV JAGELLONNE,UNIV JAGELLONE
UNIV JAGIELLO SKI,UNIV JAGIELLONSKI
UNIV JAGIELLONSKI,UNIV JAGIELLONSKI
UNIV JAGIELLOÑSKI,UNIV JAGIELLONSKI
UNIV JAGIELLOŃSKI,UNIV JAGIELLONSKI
UNIV LODSKI,UNIV LODZKI
UNIV LODZKI,UNIV LODZKI
UNIV LÓDZKI,UNIV LODZKI
UNIV M CURIE SKLODOWSKIEJ,UNIV M CURIE SKLODOWSKIEJ
UNIV MEDYCZNY IM KAROLA MARCIN,UNIV MEDYCZNY IM KAROLA MARCIN
UNIV MEDYCZNY IM KAROLA MARCINKOWSKIEGO,UNIV MEDYCZNY IM KAROLA MARCINKOWSKIEGO
UNIV MEDYCZNY W BIA YMSTOKU,UNIV MEDYCZNY W BIALYMSTOKU
UNIV MEDYCZNY W BIALYMSTOKU,UNIV MEDYCZNY W BIALYMSTOKU
UNIV MEDYCZNY W BIAŁYMSTOKU,UNIV MEDYCZNY W BIALYMSTOKU
UNIV MEDYCZNY W LODZI,UNIV MEDYCZNY W LODZI
UNIV MEDYCZNY W ŁODZI,UNIV MEDYCZNY W LODZI
UNIV MIKOLAJA KOPERNIKA,UNIV MIKOLAJA KOPERNIKA
UNIV MIKOTAJA KOPERNIKA,UNIV MIKOLAJA KOPERNIKA
UNIV PRZYRODNICZY,UNIV PRZYRODNICZY
UNIV PRZYRODNICZY W POZNANIU,UNIV PRZYRODNICZY W POZNANIU
UNIV TECHNOLOGIE DE VARSOVIE,UNIV TECHNOLOGIE DE VARSOVIE
UNIV TECHNOLOGIES DE VARSOVIE,UNIV TECHNOLOGIE DE VARSOVIE
UNIV W BIALYMSTOKU,UNIV W BIALYMSTOKU
UNIV WARMI SKO MAZURSKI W OLSZTYNIE,UNIV WARMINSKO MAZURSKI W OLSZTYNIE
UNIV WARMI SKO-MAZURSKI W OLSZTYNIE,UNIV WARMINSKO MAZURSKI W OLSZTYNIE
UNIV WARMINSKO - MAZURSKI W OLSZTYNIE,UNIV WARMINSKO MAZURSKI W OLSZTYNIE
UNIV WARMINSKO MAZURSHI W OLSZTYNIE,UNIV WARMINSKO MAZURSKI W OLSZTYNIE
UNIV WARMINSKO MAZURSKI W OLSZTYNIE,UNIV WARMINSKO MAZURSKI W OLSZTYNIE
UNIV WARMINSKO—MAZURSKI W OLSZTYNIE,UNIV WARMINSKO MAZURSKI W OLSZTYNIE
UNIV WARMIŃSKO MAZURSKI W OLSZTYNIE,UNIV WARMINSKO MAZURSKI W OLSZTYNIE
UNIV WARSZAWSKI,UNIV WARSZAWSKI
UNIV WASZAWSKI,UNIV WARSZAWSKI
UNIV WODZKI,UNIV LODZKI
UNIV WROCLAWSKI,UNIV WROCLAWSKI
UNIV WROCŁAWSKI,UNIV WROCLAWSKI
UNIWERSYSTET SLASKI W KATOWICACH,UNIWERSYSTET SLASKI W KATOWICACH
URZADZEN MECHANICZNYCH KAMAX S,URZADZEN MECHANICZNYCH KAMAX S
VALEO AUTOSYSTEMY SP Z O O,VALEO AUTOSYSTEMY SP Z O O
VARIANT S A,VARIANT S A
VIS INVENTIS SPOLKA Z O O,VIS INVENTIS SPOLKA Z O O
VTS SPOLKA Z OGRANICZONA ODPOWIEDZIALNOSCIA,VTS SPOLKA Z OGRANICZONA ODPOWIEDZIALNOSCIA
WARSAW UNIVERSITY OF TECHNOLOGY,WARSAW UNIVERSITY OF TECHNOLOGY
WARSZAWSKI UNIV MEDYCZNY,WARSZAWSKI UNIV MEDYCZNY
WERNER JANIKOWO SP Z O O,WERNER JANIKOWO SP Z O O
WINKELMANN SP Z O O,WINKELMANN SP Z O O
WOJSKOWA AKAD TECH,WOJSKOWA AKAD TECH
WOJSKOWY INST CHEMII I RADIOMETRII,WOJSKOWY INST CHEMII I RADIOMETRII
WOJSKOWY INST CHEMII Y RADIOMETRII,WOJSKOWY INST CHEMII I RADIOMETRII
WOJSKOWY INST TECHNIKI INZYNIERYJNEJ IM PROFESORA JOZEFA KOSACKIEGO,WOJSKOWY INST TECHNIKI INZYNIERYJNEJ IM PROFESORA JOZEFA KOSACKIEGO
WROCLAW UNIVERSITY OF TECHNOLOGY,WROCLAW UNIVERSITY OF TECHNOLOGY
WROCLAWSKIE CENTRUM BADAN EIT + SP Z O O,WROCLAWSKIE CENTRUM BADAN EIT + SP Z O O
WROCLAWSKIE CENTRUM BADAN EIT SP Z O O,WROCLAWSKIE CENTRUM BADAN EIT + SP Z O O
WROCLAWSKIE CENTRUM BADAN EIT+ SP Z O O,WROCLAWSKIE CENTRUM BADAN EIT + SP Z O O
WROCLAWSKIE CENTRUM BADAŃ EIT+ SP Z O O,WROCLAWSKIE CENTRUM BADAN EIT + SP Z O O
WROCLAWSKIE CT BADAN EIT & SP Z O O,WROCLAWSKIE CT BADAN EIT & SP Z O O
WROCLAWSKIE CT BADEN EIT & SP Z O O,WROCLAWSKIE CT BADAN EIT & SP Z O O
WROCŁAWSKIE CT BADAŃ EIT & SP Z O O,WROCLAWSKIE CT BADAN EIT & SP Z O O
WYBOROWA S A,WYBOROWA S A
WYZSZA SZKOLA INZYNIERSKA,WYZSZA SZKOLA INZYNIERSKA
WYZSZA SZKOLA MORSKA,WYZSZA SZKOLA MORSKA
YASA MOTORS POLAND SP Z O O,YASA MOTORS POLAND SP Z O O
YASA MOTORS POLAND SP ZO O,YASA MOTORS POLAND SP Z O O
ZABRZANSKIE GWARECTWO WEGLOWE,ZABRZANSKIE GWARECTWO WEGLOWE
ZACHODNIOPOMORSKI UNIV T W SZCZECINIE,ZACHODNIOPOMORSKI UNIV T W SZCZECINIE
ZACHODNIOPOMORSKI UNIV TECH W SZCZECINIE,ZACHODNIOPOMORSKI UNIV TECH W SZCZECINIE
ZAKL AZOTOWE IM F DZIERZYNSK,ZAKL AZOTOWE IM F DZIERZYNSK
ZAKL FAMMACEUTYCZNE POLPHARMA SA,ZAKL FARMACEUTYCZNE POLPHARMA SA
ZAKL FARM POLPHARMA S A,ZAKL FARM POLPHARMA SA
ZAKL FARM POLPHARMA SA,ZAKL FARM POLPHARMA SA
ZAKL FARMACEUTYCZNE POLPHAMRA SA,ZAKL FARMACEUTYCZNE POLPHARMA SA
ZAKL FARMACEUTYCZNE POLPHARMA S A,ZAKL FARMACEUTYCZNE POLPHARMA SA
ZAKL FARMACEUTYCZNE POLPHARMA SA,ZAKL FARMACEUTYCZNE POLPHARMA SA
ZAKLAD URZADZEN GAZOWNICZYCH G,ZAKLAD URZADZEN GAZOWNICZYCH G
ZAKLADY CHEM BLACHOWINA,ZAKLADY CHEM BLACHOWINA
ZAKLADY ENERGETYCZNE OKREGU PO,ZAKLADY ENERGETYCZNE OKREGU PO
ZAKLADY ENERGETYCZNE OKREGU TS,ZAKLADY ENERGETYCZNE OKREGU PO
ZAKLADY FARM POLPHARMA SA,ZAKLADY FARM POLPHARMA SA
ZAKLADY FARMACEUTYCZNE POLPHARMA S A,ZAKLADY FARMACEUTYCZNE POLPHARMA SA
ZAKLADY FARMACEUTYCZNE POLPHARMA SA,ZAKLADY FARMACEUTYCZNE POLPHARMA SA
ZAKLADY KINESKOPOWE UNITRA POL,ZAKLADY KINESKOPOWE UNITRA POL
ZAKLADY TWORZYW SZTUCZNYCH NIT,ZAKLADY TWORZYW SZTUCZNYCH NIT
ZAKLADY URZADZEN CHEM,ZAKLADY URZADZEN CHEM
ZAKŁADY FARMACEUTYCZNE POLPHARMA S A,ZAKLADY FARMACEUTYCZNE POLPHARMA SA
ZBIGNIEW KORZELSKI DELKI POLPOINT,ZBIGNIEW KORZELSKI DELKI POLPOINT
ZBIGNIEW KORZELSKI—DELKI POLPOINT,ZBIGNIEW KORZELSKI DELKI POLPOINT
ZELMER,ZELMER
ZELMER S A,ZELMER S A
ZJEDNOCZONE ZAKLADY ELEKTRONIC,ZJEDNOCZONE ZAKLADY ELEKTRONIC
